{"cols": 22, "rows": 18, "labels": [[1, 2, 1, 1, 2, 2, 2, 2, 2, 2, 2, 2, 2, 2, 2, 2, 2, 2, 2, 2, 2, 2], [0, 1, 0, 1, 2, 1, 1, 1, 2, 4, 0, 4, 4, 4, 4, 2, 2, 2, 1, 4, 1, 2], [2, 2, 2, 2, 2, 3, 3, 3, 2, 0, 0, 0, 0, 0, 0, 2, 2, 2, 0, 4, 3, 2], [2, 2, 2, 2, 1, 3, 3, 3, 1, 0, 4, 0, 0, 4, 0, 0, 0, 0, 0, 4, 3, 2], [2, 2, 2, 2, 1, 3, 3, 3, 3, 0, 0, 0, 0, 0, 0, 0, 0, 0, 4, 4, 3, 3], [2, 2, 0, 2, 1, 3, 3, 3, 3, 0, 0, 4, 4, 4, 4, 0, 0, 2, 4, 4, 4, 3], [2, 1, 0, 1, 2, 3, 3, 1, 1, 4, 4, 4, 4, 4, 4, 4, 4, 2, 0, 0, 0, 3], [2, 0, 0, 0, 2, 1, 1, 1, 1, 2, 2, 1, 1, 2, 2, 2, 2, 2, 0, 4, 0, 3], [2, 1, 0, 1, 2, 0, 2, 2, 0, 4, 2, 4, 2, 2, 2, 2, 5, 2, 4, 4, 4, 1], [1, 1, 2, 2, 2, 2, 2, 2, 2, 1, 1, 4, 2, 2, 2, 2, 5, 2, 2, 2, 2, 2], [0, 0, 0, 2, 0, 2, 0, 0, 0, 0, 0, 4, 0, 2, 5, 5, 5, 5, 5, 5, 0, 2], [0, 0, 0, 2, 0, 2, 0, 0, 0, 0, 0, 4, 0, 2, 2, 2, 5, 2, 2, 2, 2, 2], [2, 2, 2, 2, 2, 2, 2, 2, 2, 2, 4, 4, 4, 2, 2, 2, 5, 2, 2, 2, 2, 2], [1, 2, 2, 2, 2, 3, 1, 4, 4, 2, 4, 4, 4, 2, 2, 2, 2, 2, 2, 2, 2, 2], [0, 1, 1, 1, 1, 4, 4, 4, 4, 4, 2, 2, 2, 2, 2, 2, 2, 2, 2, 2, 2, 2], [0, 0, 0, 0, 0, 0, 2, 2, 4, 2, 2, 2, 2, 2, 5, 5, 5, 5, 5, 5, 5, 5], [0, 0, 0, 0, 0, 4, 2, 2, 2, 2, 2, 2, 2, 2, 5, 5, 5, 5, 5, 5, 5, 5], [2, 2, 2, 2, 2, 2, 2, 2, 2, 2, 2, 2, 2, 2, 5, 5, 5, 5, 5, 5, 5, 5]], "centers": [[165.11708603896105, 143.21291599025975, 103.47935267857143], [130.93507179054055, 161.3450168918919, 67.35546875], [138.40875632225433, 183.25756412572255, 65.89830202312139], [90.57421875, 108.85595703125, 48.228352864583336], [124.53530943627452, 122.91191789215686, 96.75903799019608], [222.20266544117646, 201.59926470588235, 142.2917049632353]]}